"V1","V2","V3","V4","V5","V6","V7","V8","V9","V10","V11","V12","V13","V14"
0.0547261578231667,0,0.0178765772704404,0.351225063500142,-0.161208936047982,0.50997891302737,0.329634881770353,-0.129289493027407,0.0198413042851037,-0.201724511910703,-0.373870995526799,-0.445326603623858,0.219001585840122,0.318607977955074
0.174130785798265,0,0.0300068489288645,0.290826700691378,-0.0440601682322411,0.504440328617249,0.353982664322115,-0.266475242049606,-0.0125447583050094,-0.130790703186479,-0.43192301179435,-0.123670214757815,0,0.319683033225243
0.307131147538666,0,0.051950880720935,0.385381699676706,-0.253448210268603,0.446510060363323,0,0.110964839460821,-0.0259879749191386,-0.16455872121631,-0.45770249032464,-0.0710217297828059,-0.0433604517096659,0.264853920631689
0.27189000796918,0,0.0903033586149645,0.42500551534084,-0.217951035707549,0.408195979482869,0,0.291812442774313,-0.107606774313039,-0.227792561059159,-0.480627269322851,-0.0589724087223905,-0.0521421860829731,0.224318818628378
-0.144071252287416,0,0.4560178276505,0.413845359211317,-0.335469415011615,0.413942444769186,0,0.18191036653979,-0.02552532571777,-0.189112773990516,-0.456751160628652,0.080685127918181,0,0.158046810367788
-0.117295899987401,0,0.461555706348255,0.344253350668631,-0.398543638463281,0.396669593021974,0,0.245928745378639,0.175035785032125,0.0643395129823049,-0.487542828650215,0.0983709615790213,-0.0412362691758139,0.144638287315176
-0.461152141943862,0,0.436149031859911,0.327953526732287,-0.327251509288828,0.359099451199828,0,0.345767583668526,0.212137169084132,0.101327015676563,-0.405020334545177,-0.0299283663857991,-0.0506511246931757,0.241454405323998
-0.591561930530924,0,0.624032389545852,0.445064964859514,-0.322168538584043,0.355682006569781,-0.0870233465854847,-0.157051484694582,0.143253442851742,0.133813563857395,-0.253153426771679,-0.113576265671087,0,0.183937185379163
-0.698709611541048,0,0.316576479053525,0.484459565664724,-0.377297612523181,0.389504265707159,-0.063188223659854,-0.236821897190089,0.160456296451494,0.111532151546229,-0.0657874835049462,-0.13695522189345,0,0.155389169307682
-0.714751689014156,0,0.269047302817146,0.526926908479078,-0.369777349559558,0.316394369479644,-0.0798355052342173,-0.311898452762359,0.135423253499479,0.202827394701062,-0.124179699826998,-0.1666703745205,-0.0552099600369836,0.16780780788433
-0.721521651330104,0,0.272309136869301,0.568345318087281,-0.435286200967425,0.379823155924311,0,-0.279387565892559,0.258022225698247,0.229080426848044,-0.105274020977935,-0.142657222785306,0,0.181323846437137
-0.750376080017936,0,0.274074563901197,0.551543595314546,-0.448125851064385,0.375043005391376,0,-0.27023866670135,0.24364408727719,0.18475123000192,-0.0821923909325046,-0.123455278817973,0,0.17468635404692
-0.765842668344646,0,0.243267013795085,0.593375996010978,-0.40955060319907,0.338653955640439,0,-0.291947980225567,0.236540550507542,0.200204080207763,-0.122455511931531,-0.0806723063047901,0,0.235932091539501
-0.722306848666237,0,0.201691269295417,0.56191960976538,-0.341229013723531,0.344432676262665,0,-0.276932654853538,0.311029155211891,0.212112193206188,-0.111830301645567,-0.0937570493582681,0,0.225303092453788
-0.722749697916538,0,0.214170576658366,0.586954037916234,-0.293356117172352,0.325285305278879,0,-0.262642241064455,0.289512043785013,0.225615018558887,-0.0709641034574754,-0.0686332674222338,0,0.243921982343845
-0.734066401170104,0,0.241067833601876,0.577003033908455,-0.309344156780881,0.336110878094135,0,-0.270549924230409,0.292223329967579,0.220445901588167,-0.114378248471035,-0.0551802738655266,0,0.223139020802019
-0.740207690315447,0,0.224407647331542,0.583695855942257,-0.213620720619505,0.304310038491643,0,-0.476669632622702,0.292556715189805,0.220837288454603,-0.126440095698601,-0.0187459830883545,0,0.169772771220891
-0.731306094471773,0,0.194259845376258,0.578967499094287,-0.290239389524568,0.292375659953755,0,-0.461526242260589,0.322561609391714,0.267419789573357,-0.139107015076911,-0.112681575791341,0,0.139975006381389
-0.724675321280298,0,0.1904577304857,0.577607921731297,-0.318478435911629,0.266277078554249,0,-0.471617042700883,0.0903463686389239,0.271612940403079,-0.158769552583461,-0.0722356732914681,0,0.147030083355065
-0.745123952672265,0,0.182590288037592,0.557402848183723,-0.315100606543179,0.202094115536668,0,-0.440909395028765,0.0744337966675593,0.2888274683211,-0.173219000374029,-0.0719472939019325,0,0.121728717868519
-0.733391842814416,0,0.194734832889806,0.566290461625662,-0.327392262649085,0.0834324702715014,0,-0.466887589322638,0.0021383205317596,0.44230659290564,-0.176950155398176,-0.0402098709248148,0,0.0511472876936238
-0.738358163633845,0,0.203862991709119,0.62566984212059,-0.210794802118003,-0.0226920170366257,0,-0.487893967876802,0.0119983483237949,0.560826800312274,-0.167122610329758,-0.0429937045488618,0,-0.0107084690059076
-0.71360779096584,0,0.172183949975107,0.665314528761814,-0.206206051588612,-0.0631863205453159,0.312277604486501,-0.463956983384521,-0.0515955220622525,0.531223886279924,-0.157780776129214,0.0257845078899746,0,0.0690831440433321
-0.743298687297862,0,0.242148797265849,0.601694986623767,-0.253318072918662,0.0716800750596738,0.160486918057158,-0.477117767735192,-0.0739922432470757,0.111509420294298,-0.0757068129505989,0.0481074255787601,0.219575144668024,0.10822639976111
-0.566396927965693,0,0.190326120741729,0.608705919798442,-0.178959949125615,0.0567177128120944,0.123977660076389,-0.522074485396629,-0.0746405113189069,0.105035208352313,-0.0356040480481526,-0.00357540056269146,0.2230006613311,0.190915099384653
-0.0509915847224494,0,0.18086207511266,0.641709577806558,-0.120132519550508,0.0757799601541534,0,-0.458756370794258,-0.0100799698484715,0.0820212160223758,0.223870859021079,-0.0126718073290032,0.18993611549196,0.211036613619817
0.382522743354243,0,0.166801807736825,0.567156702570828,0.00683307584645246,0.207559389028253,0.144123375591851,-0.494308418511558,0.0276758087356172,0.103183540856464,0.451624321460075,-0.0459977375945484,0.185268572898244,0.253759466888137
0.330123183384414,0.405973244840818,0.247947494287969,0.535353742636181,0.0769469264271571,0.291327871718613,0,-0.445126920085281,-0.0534158799464999,0.25996297992805,0.548056690342288,-0.0806606797726544,0.114845779622987,0.196952659404346
0.590586522670079,0.362651436232909,0.323948439810403,0.515730803733713,0.0704207016568991,0.260235080974006,0,-0.410202638730974,-0.00549379037590227,0.427916915011914,0.617368950059605,-0.1055154445985,-0.0539898610706543,0.10927965641001
0.582613130481125,0.390328403261274,0.252197102858537,0.448659021373802,0.128549254944599,0.275411620778817,0,-0.440970048209224,-0.0811612272204546,0.318235440245836,0.755697487010002,-0.0951368194919886,-0.0492169710112319,0.117017424563202
0.69806964738323,0.458512941919375,0.181431219915125,0.480046436518982,0.170068406552314,0.325769969268826,0,-0.45260537915684,-0.0888652310832506,0.303887872529077,0.755671218285233,-0.0993274687706812,-0.0787549088376849,0.0888793753763604
0.686162099927802,0.424351043190953,0.109522762302219,0.467069037625659,0.075037256383177,0.351293348412526,0,-0.490077483843629,-0.166203608972156,0.214241673183985,0.757578803128834,-0.101124985707101,-0.0959377497870764,0.0656138341934274
0.677883978189608,0,0.114053105393746,0.400228834801922,0.0192726646602535,0.393774877160139,-0.0235835633981351,-0.440616547225281,-0.100674952558149,0.14505360358797,0.751598747351555,-0.0962176519998476,0,-0.0688334046698338
0.666881515107971,0,-0.0429005332601855,0.562888618599894,0.016468046297751,0.379962368525353,0,-0.519204768825751,-0.0966046478310782,0.0445581063708245,0.759572901806243,-0.0814335503000248,-0.0438761150376951,0.0102855742178326
0.725170277640228,0.412233417106518,-0.100766355431048,0.635502124102956,0.0173097176564353,0.438682001518384,0,-0.714130831528823,-0.0926003573813719,0.00460306096643426,0.656544417609103,-0.0682968256031212,-0.0353224653911005,0.0329926391420531
0.659357515476128,0,-0.0919909786429312,0.620498194914982,0.0752806128535747,0.312272360640362,0,-0.720412170487921,-0.0875847733579962,0.0341516615995391,0.708005295861114,-0.0389196366476759,-0.0268796945366821,0.062692438445889
0.689989738011167,0,-0.079105958938298,0.6336806926577,0.102269562950638,0.41955805594377,0,-0.720553246595142,-0.0401690444672608,0.0555173605467178,0.686453180826481,-0.0339507358304312,0.0544033819988873,0.202632587260604
0.702036999460124,0.47241632937419,0.248494796601675,0.614718403338553,0.0992626713541004,0.313669708080256,0,-0.730507554960533,-0.0535195463756598,0.0976168057344204,0.700903647368058,-0.0290106720563429,0.0204542711822678,0.223835034644707
0.655057748325979,0.488734533445539,0.280451262877966,0.624182537303439,0.110575473849969,0.321552384841598,0,-0.751834526422381,-0.0443878973015169,0.138621059199774,0.691624941301479,-0.0289191831857407,0.0151557864756715,0.239496302906332
0.676139545891524,0.44059515032006,0.294387617320372,0.62481534577597,0.136503090670644,0.299584374814085,-0.0308132977305638,-0.743306720011133,-0.0368412645670488,0.0302254281738494,0.671423137414799,-0.0135570544661269,0.0186125990392815,0.320065448041999
0.700143345975692,0.450508917079476,0.228364360942444,0.606576923998066,0.115822881751592,0.37946711187904,0,-0.702625902289704,-0.0658928183481367,0.038161256501438,0.693424553176227,-0.0242492414978688,0.033602681388535,0.299769694794153
0.705927138266249,0,0.208759043114096,0.644818418350917,0.111871662590314,0.347423501372973,0,-0.730151331276851,-0.0370177578349261,-0.0111042641945533,0.688470833381408,-0.0259572608894277,0.0314760343520046,0.259061716884587
0.71833853191455,0.450031197928819,-0.029526940107672,0.625714888497569,-0.0500452156717092,0.334946878691099,0,-0.763876365719562,-0.0495376127697278,-0.0318802729516086,0.667830265165597,-0.0421705171675239,-0.0775106304151,0.188436027453207
0.6783490032832,0,-0.0805437723521285,0.601240776802211,-0.0309808374933514,0.258058482303347,-0.0615975008596188,-0.738225451815599,-0.0595778243819802,0.0552922588574177,0.568936615518261,-0.0638548383486962,-0.105053685612788,0.0621050993351219
0.667475567308295,0,-0.134742386841734,0.636744263946257,-0.075869688017494,0.207738029631688,-0.0434532460313866,-0.696496601192946,0.232729014645699,-0.00120450717647237,0.578856127088809,-0.0828632958128621,-0.104223438970952,0.158016176864646
0.735913091713917,0.514509037181681,-0.0304237241902046,0.653698587743396,-0.115147698889403,0.108716384170471,-0.0770659206347721,-0.67310254454271,-0.0701164908288956,0.00427478500854012,0.595102424180406,-0.0958582341161157,-0.107742443487408,0.270666434964419
0.743556725233951,0.436619022680277,-0.0600074902282246,0.518334416328153,-0.170890509228014,0.180457680576872,-0.0834840674428243,-0.74242703330746,-0.123045405758593,0.413230371910948,0.575688331069875,-0.0674460901496262,-0.123907110678995,0.358651489974427
0.607542575066419,0,-0.0293506663519869,0.481389965476854,-0.2629388970924,0.158099783796687,-0.0924876535879846,-0.72554321048928,-0.058904178845475,0.397343115181689,0.577847342439038,-0.00646729598948494,-0.121973908638559,0.36102459463484
0.619672800850017,0.357809190829793,-0.00305616906366857,0.233422706560244,-0.262498020524834,0.161810921393586,-0.0909277771429928,-0.704487898159398,-0.0406602200571144,0.445730602544074,0.593421492090753,0.0217573887409412,-0.116124849560936,0.413561987898589
0.638505257570861,0.328231320161432,-0.109370849366436,0.180778836794268,-0.185404886791236,0.0644353953510473,-0.0715146952253822,-0.680084229051462,-0.0478308123199041,0.470396249030561,0.555929848559189,0.0214166603440932,-0.111883116738088,0.495989321210421
0.60296768630918,0.307037534817912,0.0372189837292593,0.204582444756793,-0.139045028450748,0.133215453442818,-0.0702136633392453,-0.742964055939016,-0.0245138979552793,0.418291602394182,0.558318476736838,0.0367579028128972,-0.125951695949579,0.448011448324526
0.463170069478996,0.271532081048929,0.134028684544222,0.185688333977745,-0.103038602592991,-0.118521211479687,-0.0700325150269393,-0.558778246435673,-0.0654896954429178,0.0755973709398676,0.554962081832797,0.0364027573092596,-0.101819085818348,0.498235262336439
0.554240940810988,0.257823114544923,0.0859298532711326,0.0805605209839301,-0.1999849002548,-0.105067939846956,-0.0610657826697162,-0.48177187933481,-0.0823648941489229,0.00776840504783498,0.432625536230104,0.000936543702977919,0,0.481239493512892
0.430596747570756,0.266985531337055,0.00707025475514534,0.13759596602787,-0.0873489530591137,-0.126708266428357,-0.0648102440468762,-0.407845885334436,-0.0764017643803096,0.0388424451599845,0.414851687634416,-0.0167630625918144,-0.111528476104566,0.509277871877563
0.323611231474071,0.132493031937486,0.0394343186811367,0.246716726634814,-0.122600997257069,-0.35845144314125,-0.0286300682813334,-0.211486157466475,-0.0833424412366046,0.154190845307343,0.384077327784601,-0.0591399683310539,0,0.442838850115939
0.124259956774539,0,0.040091734497778,0.246932461037329,-0.123356011462188,-0.64343905313948,-0.0158545064792491,-0.300282125230341,-0.0688299955681235,-0.0415688384261356,0.214693843788635,0.154543684866026,0,0.45442619643233
-0.142841375931237,0.123627737095949,0.0846567035444268,0.191466056762502,-0.0890265935280358,-0.671243747453329,-0.0504511723845949,-0.317273614475507,-0.0946557369539017,0.105943046222875,0.160628145890788,0.135675108920132,-0.11624599069193,0.424423250133076
-0.25167544701193,0,0.155372978762523,0.243783170920073,0.000773452535243898,-0.703196956047644,-0.0322060885320476,-0.651045227012316,-0.0945217034940667,-0.335639918931397,0.186646940829476,0.213763480008678,0,0.462220554318144
-0.250233728228352,0,0.337971624545859,0.238341897795118,-0.00451880278736775,-0.721252393303155,0,-0.70463359734591,-0.103125076545986,-0.352272081155087,0.177643039076858,0.17674496451732,-0.099832247538599,0.45266774595676
-0.243312551165891,0,0.42328158894047,0.243370937042774,0.1640603803464,-0.686970046483818,-0.027983090385514,-0.661831040161549,-0.0794502778711255,-0.345023188786013,0.179156501761339,0.179086376361497,-0.10774787966038,0.482112593096975
-0.183706625935302,0,0.485848891124888,0.263201127909461,0.125767458923608,-0.702184220833348,-0.0498577073815962,-0.619545756575079,-0.0762391942639777,-0.363422484596461,0.232516770319836,0.156345852246979,-0.121876033815468,0.429827262036329
-0.173256207447796,0,0.468259997206898,0.247264479573472,0.0597657109091421,-0.703280878089772,0,-0.598749600353938,-0.0690725201179739,-0.339460870086869,0.176754398132117,0.126110601366069,-0.120040549191473,0.415813148539389
-0.250838395619853,0.490394980656876,0.480064891187526,0.269622626687863,-0.0106941530760644,-0.694829118566156,-0.0481241708876272,-0.694593867917453,-0.0443443612789283,-0.307985541712557,0.261866367096018,0.232443680478947,-0.128629998722665,0.456748745487898
-0.113167109244512,0,0.480527653340531,0.268739868093592,-0.0378273722690331,-0.682159138417118,-0.0346869347114803,-0.653159241352723,-0.0701733325323975,-0.324655169990917,0.247861516745571,0.235324913578595,-0.126978246961079,0.43927719950049
-0.179810070035508,0,0.490215407747776,0.246314882931628,-0.111798768889614,-0.709348480450943,-0.0520561044121356,-0.706078186317115,-0.102540165335504,-0.33914215088931,0.280865912707102,0.203584609469671,-0.108620211208461,0.444986471679164
-0.165453395992067,0.499366057911051,0.481027183000379,0.258956796117049,-0.102262747928634,-0.680486674401073,0,-0.653218599429505,-0.0858158176754919,-0.341871741422776,0.287077282300172,0.146680652417972,-0.128555569680746,0.410422781662426
-0.138659727369294,0,0.481672136450893,0.179725732924497,-0.142658763145946,-0.702643924130613,-0.0683273363344065,-0.649531012489064,-0.0659545999617794,-0.32760027055357,0.179052732604128,0.0878540398542414,-0.135604950110496,0.35881033759516
-0.228311068403376,0,0.46382593145313,0.256398279644554,-0.145372495579046,-0.709328253389494,0.0739041246552521,-0.575812188775197,-0.0856712252464073,-0.333671518164777,0.21161967415605,0.0525116793545934,-0.168625970607942,0.320272693656459
-0.266006917561448,0,0.46004456119599,0.279645432864813,-0.173513688085832,-0.68296573427999,0.103419882498071,-0.591797204720952,-0.106724116296638,-0.327498294184386,0.210851441214843,0.0645275827061138,-0.167588272433703,0.251377267622622
-0.129589348170628,0.516033716419462,0.470683228078938,0.264703088149121,-0.200699753060679,-0.71643330627432,0.0967770573355341,-0.587761789959032,-0.124467381695058,-0.333196275353153,0.288567677849086,0.167137596662451,-0.186126893086696,0.310249454840148
-0.248568922318759,0.505436484487102,0.440055611486898,0.305501189703546,-0.159584986728924,-0.683458373156779,0.532093047353725,-0.583643239593424,-0.116802046698833,-0.327695801143739,0.289690029599626,0.277734131470488,-0.16519453366303,0.426430439208362
-0.189222685903862,0,0.382796545300194,0.349734751598323,-0.119650488360353,-0.691766537137329,0,-0.528687833333265,-0.119230665832253,-0.391556478070133,0.503780844467171,0.625933431915999,-0.060194681340415,0.668956301480918
-0.0847478275052677,0.346172100447839,0.399631215190727,0.334128499621385,-0.0916557524594015,-0.312560917729682,0.537781431202197,-0.403985971117988,-0.113815201878726,0.281537976120833,0.485160185781126,0.571235671534542,-0.0655992530821233,0.589254863066426
0.258423830538865,0.201563387854579,0.376781818853285,0.37474736034199,0.0358330783732419,0.0100606606900213,0.377758747174107,-0.396044824035648,0.0739473293508458,0.291998102756639,0.606616893880095,0.563474144679871,-0.10783509414376,0.489555956417433
0.175884661959994,0.180026234954658,0.422338396592304,0.394122523836731,-0.0211893180853528,-0.0980947133026739,0.411415102071548,-0.345849833472199,0.404199024836635,0.0647732290644762,0.621208427870246,0.572677493794431,-0.137718889211758,0.498334030192043
0.272173277231833,0.205337494207985,0.38066860956554,0.387576267024678,-0.0359510646785877,-0.29388714400593,0.370734849926157,-0.365569407167386,0.392725406153991,-0.0800464479850389,0.469676583413107,0.507706936877816,-0.123398510782372,0.455735413053676
0.346813848171017,0,0.383414677316815,0.35635068795443,-0.1587539071832,-0.552358875310511,0.420586963329855,-0.339372984209278,0.245365304240349,-0.338406834715208,0.264090867095748,0.459767113336194,-0.118473033259852,0.416161856853588
0.333912606180024,-0.0351631906706128,0.0759419441759139,0.295742846905206,-0.16005176420143,-0.442478866145641,0.371051820373927,-0.355697620736365,0.116964080220284,-0.353454402333666,0.187190552640655,0.291782634431227,-0.127102084401838,0.241246719111623
0.108664941048243,-0.0462604160806291,0.0532392187109032,0.433486456796837,-0.156613863816963,-0.266822938036489,0.429302472838426,-0.294217988541307,0.00867308708968494,-0.362700923426758,0.295051539601275,0.317129086815417,0,0.0972392922083816
0.0294689302449699,-0.111109909601886,-0.0438355232654878,0.428772304742936,-0.217168647324174,-0.31519345047951,0.404539869997974,-0.365541093452145,0.00180066509602947,-0.343659366698743,0.321706277059533,0.343538101477022,0,0.0539040154698429
-0.0209974588837415,0,-0.0472766511647435,0.384328880856767,-0.18627325744069,-0.227258948400032,0.377072701848681,-0.626030717932193,-0.0147046722920017,-0.365482120813003,0.240784268859283,0.216731164327199,-0.100249539434287,0.146554164611886
-0.0267176577397135,0,-0.101109868112309,0.432612994889254,-0.296777528927497,-0.161923888251526,0.423436336479995,-0.701320026896692,0.0542074275509728,-0.351991929897356,0.296078196248371,0.118069976569468,-0.0892296129628651,0.151744311907025
-0.0499797559864327,-0.0843509322941075,-0.124453050624505,0.439536379310057,-0.271392847873865,-0.351854031553756,0.434551298504223,-0.661328781116405,-0.0602328422927848,-0.204703484795175,0.314025508499713,0.00244548948108568,-0.00410891762770851,0.250334110218747
-0.0270766708180617,0,-0.13391292944656,0.440032900761096,-0.270045281732031,-0.570293549635499,0.370147812328685,-0.650929347803067,-0.133220986943777,-0.412890344182758,0.21995586814291,-0.0699285958278088,0.037802416493633,0.37311826045168
0.0532940458051259,-0.0852853833911514,-0.0631990654605427,0.479986133298119,-0.270096455532024,-0.503801774914829,0.434729097700104,-0.665154781684493,-0.109435842697242,-0.241425708924339,0.264576626535748,-0.0930618413898305,0.0356128093145868,0.42373376527485
0.0160489147563228,0,-0.0501112063486391,0.458062406357635,-0.210578641024104,-0.459652682176493,0.224754988821387,-0.673096165828524,-0.118083460557357,-0.203897095636385,0.27022707362956,0.0401050729679095,0.0518167996456529,0.596095253445746
-0.0118743047301869,0,-0.0551006052276632,0.483589000921836,-0.139027677789181,-0.505196028623191,0,-0.678372054935753,-0.0926733210764873,-0.226277027132501,0.234210064405564,0.0373124295886598,0,0.645667851735775
-0.0208097422516495,0,-0.0370387355388217,0.45980836567294,-0.281224671125872,-0.458369273347074,0.125080074273144,-0.673559842715505,-0.0934924059584314,-0.243563900873811,0.247634212160039,0.102597487304226,0.0402302327649819,0.622173021278012
0.0226823345492543,0,-0.034544384792589,0.460870744021428,-0.274267787745635,-0.468868550994361,0.0825640908591319,-0.682115492556008,-0.103745411263473,-0.184049219526227,0.255808854538741,0.137322149501166,0.0252918757132804,0.648204375755097
-0.0451539961957014,0,-0.0796224379971267,0.418516350321879,-0.241101910417012,-0.456508878535898,0.054657599846741,-0.689454380494135,-0.103823763135903,-0.23307802935408,0.262482105236944,0.157368632889972,0.0408892134122409,0.633698006105777
0.0507606654974164,-0.0894797509348638,-0.0801343193135911,0.367548492884226,-0.3255915607266,-0.480686905601353,0.0612370814287617,-0.692964772262699,-0.1017263660231,-0.306674013659342,0.255821395392628,0.183973229151868,0.0334981699542984,0.64616916110902
0.0111673857806891,0,-0.0942318950981878,0.481878444479225,-0.322292882929644,-0.490604087278959,0.0272013268082834,-0.704844172438705,-0.0957549544393437,-0.231104043472252,0.228454747293937,0.151311999995742,0.0776576779503927,0.537052743493677
-0.00517613837204022,0,-0.0858316056253271,0.504960922819462,0.373930536104652,-0.491781189020776,-0.0445158241523164,-0.691132323304369,-0.09752910763228,-0.196245879995525,0.202669031281889,0.281964211625666,0,0.370459656946839
-0.0132389203939707,-0.0830462305785991,-0.0838991204589343,0.469648427913639,0.334833362377157,-0.499151638121478,-0.0703058270014702,-0.69196928254098,-0.116374418546444,-0.218307734518429,0.166406619219408,0.247472328084164,0.072081715278603,0.157556306438254
-0.0216351387381184,-0.0800080615641389,-0.0554424337409509,0.4636635736805,0.334006326536463,-0.487641014580352,-0.0301759857034547,-0.716739208421859,-0.0963588223271657,-0.243535758982444,0.222675560650845,0.350604060461022,0.100521706157569,0.193953302869596
-0.152147205851459,0,-0.0383249704534694,0.348383174631323,0.369610050173364,-0.485850538636604,-0.0383497989089599,-0.66447785043021,-0.0793499313272112,-0.243747914197511,0.108005859307573,0.199670193139659,0.0420947535183796,-0.0196752574606093
-0.116164627388644,0,-0.0981865785159487,0.330975325358068,0.277493754071907,-0.40702416452876,-0.0174469100929016,-0.713066550410887,-0.0947549729545923,-0.303740852963898,0.258578675607642,0.234456506284525,0,-0.0625216148513302
0.196521849837628,0,-0.0239154430631797,0.376796297169322,0.323525584154437,-0.400063013374017,0,-0.498650503174057,-0.0907692499280662,-0.32547349516586,0.351172009598773,0.264711169937947,0,-0.162529724945813
0.304620663819075,0.192584993606696,0.181465447763203,0.374499417057877,0.358075356082471,-0.37846598807506,0,-0.307680424723356,-0.0662286099739693,-0.418451693770373,0.39258522216073,0.051075975981828,0,-0.200190860924355
0.312194205617109,0.217640210822558,0.24657101713347,0.497060494477163,0.379037736246682,-0.184710640585706,0,-0.072010705434034,0,-0.283765195985949,0.39611739362922,-0.139935579604791,0,-0.272834715638813
0.356400394118368,0.293923194059537,0.345889704547169,0.462581695848486,0.369310528787655,-0.224841100052802,0,0.119425322294553,0,-0.324125072612229,0.425368401134325,-0.381444374642113,0,-0.377666730632818
0.104451769518476,0.25289715287021,0.313231002620145,0.485010537560975,0.311025067166087,-0.248086228172896,0,0.0796847255771171,0,-0.149048399461988,0.272230679612006,-0.589258387844776,0,-0.464572905108232
0.173072707555935,0,0.292442225556772,0.54857914792439,0.364391410257747,-0.22212033203894,0,0.440411578580754,0,-0.0628880120496964,0.228424141401106,-0.635308987873729,0,-0.435537787452182
0.164980806321583,0,0.0848334490357196,0.603504588297507,0.345643047051914,-0.146616917221111,0,0.385404499566098,0,-0.0437837505845395,0.206653388953903,-0.727041098668443,0,-0.530810557901914
0.156176074130202,0.666781381580464,0.273536246320747,0.610580333024481,0.389637753286044,-0.123823560722635,0,0.393127796924301,0,-0.0215807837937661,0.493554912408456,-0.722240029362856,0,-0.704825014871281
0.153345638917446,0,0.331830771730906,0.606099833089548,0.361559343576487,-0.135573280193519,0,0.41564064418204,0,-0.0311441622407863,0.503230589249214,-0.759742353076876,0,-0.674840961246502
0.193229401054848,0.693870319375548,0.324129409481289,0.576966489847065,0.280503303405648,-0.105327452351277,0,0.412462069770639,0,-0.00825721936776041,0.459332697276481,-0.693609590161454,0,-0.696835196347778
0.227718869273651,0.653355392099775,0.36421942466733,0.594578266114299,0.271545284739474,-0.0573910710836204,0,0.418092708522518,0,0.0321288703789536,0.39724667051727,-0.719200019197975,0,-0.709729900830079
0.250234890340305,0,0.373216360185475,0.590885790959959,0.323592818719362,0.0297777535030988,0,0.4083931258217,0,0.0388992840968656,0.436494143349097,-0.741963734814109,0,-0.730618376878485
0.265120132066886,0,0.374717215436191,0.58038714690026,0.310649616535214,0.0793385230220866,0,0.414736270712863,0,0.00131868981580557,0.506563365799955,-0.701686538922923,0,-0.707381989274747
0.24375748372443,0.648232111256857,0.384624341205036,0.580693181941099,0.301180761419414,0.0465917069812932,0,0.425165371378607,0,-0.0694996835105472,0.523810534024532,-0.718047827922899,0,-0.735454599208179
0.28057205026995,0,0.385600236990593,0.585533951201156,0.325965936663072,-0.0457263183851368,0,0.41659145186039,0,-0.181212878625054,0.542593480466667,-0.753412906683918,0,-0.735843562075786
0.261942547392769,0,0.369469943797033,0.590526286091097,0.187555845143332,-0.113652949036396,0,0.412527682595046,0,-0.171207305839089,0.529798102856584,-0.721570850325463,0,-0.735854740601585
0.279096449474153,0.647463968151503,0.354456435999873,0.444242562212721,0.145085460219742,-0.162986244378952,0,0.25170344696044,0,-0.193531201593352,0.51835948362329,-0.725322651729318,0,-0.732153781291435
0.256775162740709,0,0.383879560844739,0.446376508848741,0.103372559380702,-0.150432899103592,0,0.166838684433666,0,-0.189310018245649,0.488564762374617,-0.73568089481661,0,-0.723403888620813
0.23643254670393,0.658920744346426,0.357155361066016,0.465039435631591,-0.0508030671681076,-0.175809214046579,0,0.0565501149708839,0,-0.219101656043286,0.481590742320688,-0.74344279702825,0,-0.729339833314328
0.233028250302052,0.663972745558443,0.368822133332337,0.586004087545759,0.0536567810210414,-0.185785430200947,0,-0.137954092091455,0,-0.22445149193842,0.476008495570976,-0.73876627887552,0,-0.722827644128479
0.0891200425876226,0.614303469750139,0.357262218077711,0.454176323371365,0.0760085729906258,-0.154712375982781,0,-0.401984817077469,0,-0.248018121210357,0.0550199254274396,-0.717547346748016,0,-0.728888249460218
-0.00616366808693111,0.546195439036075,0.274248645025725,0.664082705160873,0.173483902817929,-0.17536824028654,0,-0.413690328254588,0,-0.229142871541785,0.0145782089668343,-0.72124323876889,0,-0.731921394822887
0.301063797440496,0.305024910247222,0.224646898552916,0.656116598154248,0.292554061941464,-0.155701655008055,0,-0.407779303384781,0,-0.182049831819772,-0.187158221771887,-0.522280468323472,0,-0.703773263234097
0.255537642954036,0.289120113498577,0.298738334707894,0.672973437662066,0.167714587723902,-0.10594645060218,0,-0.33597239907942,0,-0.1610616555012,-0.0963551207727933,-0.464387567792463,0,-0.591404725338841
0.294772848602617,0.190280659280554,0.287620083511647,0.626690591425786,0.147874654124984,-0.0309042183842946,0,-0.328014314188597,0,-0.0791318959535523,-0.0897221297782693,-0.426739455628514,0,-0.248628403000412
0.224368875261691,0.127527080999845,0.318684035391861,0.700643472326442,0.133752615578807,-0.0443174617754426,0,-0.352558235664347,0,-0.0961247122778021,-0.148732495039465,-0.266933771493204,0,-0.133100605882698
0.189010913115586,0.0807758365999699,0.181880952663626,0.709542921320843,0.027531895670257,-0.0124679611477503,0,-0.422352643504259,0,-0.140532068949624,-0.0802734069576651,-0.315251102771325,0,0.102306913540446
0.276879735751125,0.0909583206090048,-0.0723309801475121,0.719589609019171,-0.0049344656858108,0.203932682753541,0,-0.367429150787403,0,-0.130108219779735,-0.146202095263533,-0.397605732376766,0,0.188313349677626
0.250838860964955,0.036117326008524,-0.049887104270735,0.726886804478931,0.150225534578848,-0.267925007428821,0,-0.309991842694466,0.56214848880151,-0.246306515449503,-0.223612084084817,-0.367182778358849,0,0.314269072197075
0.175162646241381,0,-0.0928732683217285,0.718845993712544,0.181041818066037,-0.225709202854643,0,-0.300836976810906,0.582964961695051,-0.288154501915454,-0.250941949411374,-0.412302703618875,0,0.341060402500872
-0.123091599628513,0,-0.104200300295905,0.753894478471691,0.1684083796164,-0.33655713078622,0,-0.313606873962383,0.557617113976345,-0.377967295841206,-0.285726971277592,-0.407865383460815,0,0.355929986648732
-0.603727177455226,0,-0.0945848767071764,0.737187239465157,0.174063822317313,-0.478879741326171,0,-0.277758837990692,0.581701762397409,-0.592020123054063,-0.293357068520656,-0.325476912687811,0,0.411235751786546
-0.51123331287437,0,-0.0583235705974986,0.781412797000102,0.198566832259194,-0.432466669311243,0,-0.174214744972261,0.528884383336558,-0.577311328293354,-0.249220573812127,-0.363131386712714,0,0.422144124895493
-0.577643625053892,0,-0.057194264146092,0.775409961644636,0.33005001230318,-0.432680409843573,0,-0.177798455942312,0.531779280069941,-0.581982661963022,-0.253865437183148,-0.26397983416419,0,0.317973765266784
-0.546793822602336,0,-0.0840239972377435,0.801818897149369,0.40663737055227,-0.41498282428052,0,-0.153346382146827,0.575462934735724,-0.599538826554041,-0.152156307888472,-0.233387171847853,0,0.355422924022536
-0.561808121479234,0,-0.0745038767813731,0.801750671321347,0.391462145874145,-0.446341253914281,0,-0.093719571010532,0.579722084267632,-0.574342805063121,-0.107371881305874,-0.135807207406726,0,0.353715815573455
-0.549158823882494,0,-0.0127654298804913,0.78387706244601,0.439988411548616,-0.448355759185376,0,-0.0590827466497579,0.610360287441222,-0.587310557504737,-0.0978844586295393,-0.0687344475876003,0,0.351580271081492
-0.571007583410882,0,-0.0317770378399901,0.794594416376471,0.496727178149314,-0.502904435583598,0,-0.0442003598387002,0.567330413792299,-0.573909396777977,-0.0701024500321008,0.105138790199408,0,0.389836675418198
-0.592090549495808,0,-0.0378587557345401,0.793007190925692,0.476318575883495,-0.687706931508723,0,-0.0356156665920965,0.596048509780028,-0.642532541148337,-0.0804074580674639,0.0879690758064404,0,0.400846879962005
-0.533141990310104,0,-0.0400525928012963,0.79671015045132,0.439376461434825,-0.652977810142799,0,-0.0347923724889308,0.576903647412867,-0.691687250594935,0.000329713520977295,0.0898998644334193,0,0.387047699334521
-0.607898079123181,0,-0.0656399284051167,0.793093700692884,0.383289606215467,-0.61275704743198,0,-0.063574626147274,0.61391605787501,-0.711647154489534,-0.0472018892007988,0.122726125915252,0,0.37114296578681
-0.599295909731712,0,-0.0485893131879092,0.771953250566695,0.323821506060219,-0.631665457139474,0,-0.136811829744893,0.547211116042891,-0.729493912089276,0.0037253158156718,0.104913728455652,0,0.354994230471346
-0.60454077062203,0,-0.0732992664938464,0.7415354472752,0.269376323279892,-0.615257446404911,0,-0.179093225040925,0.573331033316017,-0.705648254185936,-0.0340203115655467,0.146262661060256,0,0.293133240071065
-0.590882579429665,0,-0.102000000782424,0.688921461813756,0.33643346322367,-0.625298452957087,0,-0.201317394694374,0.582815536700696,-0.727736142686683,-0.0664765704800046,0.123219787176049,0,0.172118724471394
-0.592731270930613,0,-0.113430368185,0.706487621605549,0.287459781693806,-0.62329270908939,0,-0.190058313010264,0.552001084064555,-0.738657071369859,0.04705763330012,0.139127801410222,0,0.261447395000894
-0.562706868203823,0,-0.11096340524052,0.695857529395167,0.311927946976701,-0.601331100166636,0,-0.248486905101675,0.566789466011597,-0.70427252105662,0.0962382818970085,0.132788371017126,0,0.274474757656233
-0.581889316202108,0,-0.0793790391532323,0.703272251589553,0.406792115402511,-0.652061376418801,0,-0.254753033447521,0.586497515359499,-0.706559013106826,0.0603564548888519,0.204812875482945,0,0.411209442634378
-0.566687032472019,0,-0.117189299918777,0.697844050181443,0.435828062780162,-0.407469161414004,0,-0.262968890574397,0.573314506076008,-0.564455192290073,0.0818546215930285,0.225258306029383,0,0.465662670395199
-0.484063379345107,0,-0.102123192562676,0.699698867938344,0.422652898686327,-0.365667997172618,0,-0.142312446900252,0.571945332181488,-0.402628852721193,0.0795566944225452,0.212287693598993,0,0.422905680503826
-0.47531082004767,0,-0.0598079082627146,0.70507193594758,0.380074707578656,-0.146309457876074,0,-0.0597429104621298,0.551423942674601,-0.25069314760036,0.0770740623143509,0.19048263036028,0,0.38437170926903
-0.64286358730852,0,-0.063330378224214,0.691996330887694,0.370831923005121,-0.112321621060257,0,-0.105699187401098,0.239382670061523,-0.203922264645958,0.381964447651722,0.249759696274271,0,0.477331309394284
-0.646447035010994,0,0.11505966410558,0.704683998097356,0.296682857197202,0.0141008154943726,0,-0.141352453502657,0.257619941209944,-0.20823891145181,0.362522693498094,0.247023170751072,0,0.409075967515189
-0.71998734012805,0,0.106079591315902,0.727434715738867,0.253959823890314,-0.509696400898082,0,-0.226059193707108,0.184483180821495,-0.469113130481085,0.380909558191111,0.285362500001129,0,0.313002978219003
-0.732725792444891,0,0.14553646095142,0.731835132838315,0.245828499261039,-0.465745983770643,0,-0.482490171551177,0.37012895577897,-0.474336741280225,0.372653012124839,0.540889692344949,0,0.163104028489709
-0.733799840214252,0,0.0468195982190722,0.733755180887624,0.206507853427917,-0.358168249869429,0,-0.692531460295768,0.302726811539583,-0.463130578334359,0.0782335630337718,0.462190278166169,0,0.0304349572893874
-0.673532884780513,0,-0.11866510135022,0.679652740597718,0.156535360631695,-0.396797550787369,0,-0.71301651869862,0.248046700075102,-0.497779231734575,0.173612556288284,0.217079934158477,0,-0.0313430721185856
-0.721299371972139,0,-0.125962709033282,0.675451905262694,0.24443803812813,-0.408227606178719,0,-0.722987238155069,0.278971418489434,-0.536329369855667,0.115144597224673,0.338733225622867,0,-0.0309937361149117
-0.715257536290692,0,-0.0812213620747336,0.650303978847672,0.239670263887449,-0.349880802829255,0,-0.71262456149137,0.294781391319715,-0.555205223459267,0.181904737517452,0.27792948144435,0,0.0115687535832751
-0.733551003791464,0,-0.0350147248095996,0.667277134537788,0.308858747851829,-0.368465361791115,0,-0.727590668397091,0.295622654701666,-0.504661213514478,0.234078497873797,0.288457615328259,0,-0.0230290239472339
-0.710619064807062,0,-0.00961490612606429,0.659852644060833,0.340952513479363,-0.388164607329692,0,-0.71943948091946,0.341771662798311,-0.495666432959681,0.166427375186489,0.284266196482134,0,0.0530277531644279
-0.750579999526257,0,-0.0166670722539452,0.669584621976211,0.328750684188309,-0.318772024866391,0,-0.738424186888733,0.373942710841786,-0.472116302915907,0.177038609035719,0.272504642587681,0,0.101086641060338
-0.730823360998734,0,-0.0125516991036644,0.659677065253987,0.336245224686205,-0.29349698680721,0,-0.72948571832599,0.358542521546002,-0.513557788693265,0.106346023850806,0.315361657830886,0,0.116015206546502
-0.706796807397525,0,0.0164508382137364,0.668666908837219,0.215684313512718,-0.417412844456425,0,-0.721292200921962,0.318862103382604,-0.430025905057021,0.0479901173618031,0.298939853587929,0,0.192181332722497
-0.727929299288533,0,-0.0289465914534777,0.658129468512357,-0.305059684885454,-0.473652483535762,0,-0.704960813366443,0.360160393681929,-0.503613027925295,0.0159450260465698,0.286267094805603,0,-0.10591175687536
-0.75348341588207,0,-0.0220023486008056,0.659909163041387,-0.209939336250006,-0.471319024234053,0,-0.72280991111277,0.329118621787494,-0.495112523077277,-0.0529878622747377,0.188307696276438,0,-0.215674221825123
-0.73676675267666,0,0.0284856785904172,0.652339373418042,-0.215857712778998,-0.504300311734818,0,-0.715322492518998,0.36620676465765,-0.493163714410538,-0.090179058461976,0.163997625208479,0,-0.32190970266974
-0.740388582932724,0,0.0742424708189095,0.680571964094297,-0.208995965018064,-0.526275926745049,0,-0.718079463620785,0.314134580504368,-0.506424569897962,-0.117482739276211,0.0849048543668765,0,-0.42061698180868
-0.712341460453347,0,0.0193630976435218,0.689591252984431,-0.286944355860379,-0.563008259567502,0,-0.719634103209517,0.318692659941526,-0.452004211250433,-0.15997940244029,0.0801224723379069,0,-0.424389604732564
-0.728887959726204,0,0.103364332056634,0.572310939574854,-0.314079849886835,-0.327818350241316,0,-0.742941607308543,0.301974051142956,-0.649198700927694,-0.148771535540002,0.111497305632788,0,-0.275129802932362
-0.655951672807762,0,0.0854294673807553,0.590860776311791,-0.33461402934774,-0.231845713755098,0,-0.730175699358295,0.269841866507273,-0.42729833530232,-0.200399423551854,0.122834709098966,0,-0.283665453993245
-0.745006910124993,0,0.102439085778858,0.620494251564222,-0.301410944649691,-0.0420772455746858,0,-0.747893667205486,0.304319580363769,-0.272462390387956,-0.147050487949618,0.0900682232566886,0,-0.156616035009373
-0.773487322830531,0,0.0129123051772602,0.65036469987285,-0.31624656005748,0.0766958426565805,0,-0.693871958522,0.194036760361894,-0.251582915651284,-0.153835067173192,0.0489154356265647,0,-0.323048940915307
-0.75077214546445,0,-0.0158607895023413,0.636677650425452,-0.30407320894849,0.0914979955343119,0,-0.742383008738417,0.377360351638196,-0.269976001343522,-0.0831702383216391,0.410412319350749,0,-0.314635405689039
-0.723812220456535,0,-0.0463500543884744,0.626101458158764,-0.269633359615634,0.143032193685317,0,-0.733273894625433,0.264023039346317,-0.35786999061838,-0.0415886042777248,0.268674003195556,0,-0.190562377973341
-0.701300127482847,0,-0.0111069304884592,0.646319747526674,-0.287488428090763,0.160705371871877,0,-0.622855215282251,0.274846253336883,-0.327638187065815,-0.0426370313083636,0.353261540712008,0,-0.172913073154881
-0.736280324488884,0,0.00861735541183515,0.597057870833013,-0.165429074344845,0.177438531992248,0,-0.540740261370905,0.299118420117838,-0.259246019797285,-0.0277335021825287,0.336648948899737,0,-0.202433568156912
-0.69354040601419,0,0.185783628815783,0.610756485877261,-0.140185160200565,0.389138919747225,0,-0.474752408677046,0.251545727622904,-0.177699210568768,-0.00701928426874674,0.309906384704999,0,-0.209919428285336
-0.735100067680071,0,0.0766151192175329,0.615504118496529,-0.0723080642906935,0.481449125332282,0,-0.342600025888649,0.295807993986262,-0.250591605310581,-0.0201187944746087,0.354734677414406,0,-0.189605022607355
-0.738132904671388,0,0.0986672200896632,0.64169086096914,-0.0887589380870238,0.490692717821786,0,-0.289269867499625,0.0720546492228537,-0.183227886430807,-0.117452301919306,0.303552131732755,0,-0.200534387910876
-0.726963183108204,0,0.0471186246993964,0.638061624855372,-0.106096240334653,0.518101857784097,0,-0.357127847622713,-0.0773387633885901,-0.187720344074901,-0.0929948539415204,0.331791838051198,0,-0.250409730288032
-0.73545313621223,0,0.00601097756715845,0.606295243772019,-0.0320479120027752,0.523738118346115,0,-0.407591795840284,-0.0329008727710607,-0.160594554850228,-0.0711881508874924,0.348403947688143,0,-0.250007406187334
-0.726000848899,0,0.0226097249597176,0.569937368081559,-0.0131080942407046,0.480855451101385,0,-0.436152545510153,-0.105111485688592,-0.0698296432863504,-0.0793990717717629,-0.0614097139631899,0,-0.225277158209099
-0.723862103927705,0,0.39849141622779,0.590207428158294,-0.0305429373212268,0.489380783504578,0,-0.428083078656888,-0.0988967888730802,-0.0155678745965012,-0.19194063738931,0.0746304120719171,0,0.0359468605858116
-0.73231625535516,0,0.39738576865627,0.580069537481151,-0.0389976110877323,0.474066387809798,0,-0.403403172004386,-0.0858534567142569,0.0144236490895009,-0.189954362214007,-0.00141348677193827,0,0.0722489526063278
-0.727991775973177,0,0.435743175349557,0.58485885681592,-0.0665769128959754,0.477068351195565,0,-0.412187257716303,-0.0824421573498909,0.0332014124560822,-0.156686493595008,-0.0275905262687004,0,0.067047699754379
-0.741351703676462,0,0.411988379524158,0.585443044871658,-0.0468670697779995,0.476649785847132,0,-0.443272693993727,-0.0503123612898188,0.0685476845306166,-0.143707401008578,0.0481047284424898,0,0.0562110212605218
-0.763132417048258,0,0.37368852290296,0.585282124524427,-0.112740229077029,0.507047270751506,0,-0.423298564954464,-0.0489032005291425,0.0585528318912369,-0.171188950457239,0.0318777600802216,0,0.0145958014096435
-0.736486037596901,0,0.388022406308851,0.571957485905575,-0.114150227901823,0.511950485284528,0,-0.4760144510422,-0.0657202871026558,0.137071685659287,-0.15546333346509,0.0206630246586572,0,0.0219075923857927
-0.727279776833665,0,0.39226786459697,0.557195267927126,-0.127456230943505,0.504029022542793,0,-0.43591619840295,-0.0858050686185336,0.16144487791715,-0.124069761771657,-0.00266973587437448,0,-0.001196707249557
-0.730406980002338,0,0.369574838741805,0.559708372340101,-0.08665769721097,0.480490249189836,0,-0.390049370177496,-0.078840103810313,0.121191530657213,-0.0765058699004414,0.0128574896752112,0,-0.0444596120724889
-0.72098098684116,0,0.412747641742907,0.564413106186574,-0.158512121880585,0.488582203438394,0,-0.419091527652236,-0.0864455867532176,0.135655385896859,-0.0740320079342671,0.0206390880202775,0,0.0439588673499229
-0.731615368636051,0,0.404620357834298,0.504955958706447,0.426365967279547,0.530609764007454,0,-0.447220817194661,-0.0633777230748406,0.0948195806389513,-0.0476918161604123,0.0179329390497829,0,0.0426521146747869
-0.709837393619435,0,0.374960140722605,0.463812474927569,0.489602016201643,0.530595010062,0,-0.387979220252444,-0.0645407158102765,0.0459299770068063,-0.0661765456025921,0.0596720359739359,0,0.107061123801909
-0.746220535380584,0,0.33363184694156,0.438140827055978,0.500099980201351,0.576283483761505,0,-0.373522657301902,-0.0689385064298518,0.0707507242192976,-0.140972952923549,0.0686644200461767,0,0.109639047205171
-0.720963407885536,0,0.354407575457542,0.488978917762824,0.473258111318491,0.580878459652532,0,-0.43810759947715,-0.0779595324668742,0.120075089045928,-0.0606124777630264,0.144692349253883,0,0.14293013610466
-0.5261196041764,0,0.337203714096708,0.467195829329484,0.428393689868963,0.494362176281029,0,-0.363142114214108,-0.0749130890791747,0.0190752127578732,0.149224888921343,0.13332507030992,0,0.144314160658053
-0.472428246377941,0,0.326245087764073,0.781333862803142,0.397085187563955,0.591743893892638,0,-0.237998168813407,-0.0786470665510102,-0.0518235584438264,0.230483948017918,0.118236980537449,0,0.161041768030039
-0.487510565526763,0,0.342210476321266,0.792306994133032,0.238891604695798,0.529417036509438,0,-0.121370511213049,-0.0743448463991561,-0.0875401352791985,0.238809856213585,0.169127147593995,0,0.152875577461828
-0.450023931876436,0,0.317877445636164,0.785498427861092,0.237364882358825,0.479781349229691,0,-0.0291289083861409,-0.0377391923745778,-0.0635601956733855,0.0922560730211864,0.134203238402824,0,0.191864003409838
-0.414520835615974,0,0.312213575196555,0.786886662975111,0.219807363786961,0.371885789696726,0,0.247521191334951,-0.0800133668478994,-0.099596356916631,0.0194831945301332,0.117308485413441,0,0.0523602952472846
-0.39892360991923,0,0.495254471280757,0.760289801071463,0.209454541324022,0.266451809249033,0,0.195848731202514,-0.141205994217201,-0.121724260890566,-0.0147378568073768,-0.344344946822119,0,0.0150558404338924
-0.413729333182774,0,0.436810132519765,0.752513168863209,0.0857564092410087,-0.0815084314865369,0,0.0967594176616972,-0.129032610697821,-0.144149968964017,0.00939563615185619,-0.326695054626866,0,0.108181196488953
-0.361298776445444,0,0.496140370098599,0.794606987868898,0.136948663873472,-0.240954710792313,0,-0.477511902312804,-0.116721640754579,-0.40012005171553,-0.01467948827109,-0.355371913713133,0,0.181557315405503
-0.292288829325784,0,0.460309324883689,0.773272652745168,0.127947245603061,-0.496352442620143,0,-0.383590983057249,-0.123594249126733,-0.534871791513619,-0.183781403046726,-0.33781988973908,0,0.105711776372712
-0.286900880766303,0,0.422068352490547,0.84305812635934,0.14661687023426,-0.581411754959579,0,-0.512193887833132,-0.108880707686306,-0.624588346195488,-0.219820077196564,-0.32700795733718,0,0.0803989934353099
-0.31047573686374,0,0.449751461265705,0.879465681029353,0.199973479400593,-0.642057080719968,0,-0.421669944244412,-0.0980078373008904,-0.721538427437231,-0.191002411427724,-0.134297836921937,0,0.0954714823495703
-0.263813454576558,0,0.477217598396317,0.886143842897304,0.299567174373746,-0.629923027831169,0,-0.68198300911114,0,-0.736433664499345,-0.172657372019383,-0.124451161840405,0,0.0623733383727815
-0.288558883559337,0,0.469824958363391,0.888894775569294,0.326315995675638,-0.623244932547848,0,-0.702367727829381,0,-0.652813476203193,-0.126035533139725,-0.162412838814877,0,0.0119801611960157
-0.292223095714441,0,0.463997320391973,0.892376193125264,0.337053290594587,-0.607951441835331,0,-0.692054305703672,0,-0.71313889123113,-0.0965376717706253,-0.236540647456445,0,-0.00725960419906438
-0.272076090639868,0,0.482835230703134,0.892753088540631,0.368440808326821,-0.621642430214773,0,-0.701929072844741,0,-0.691931142833051,-0.0581051872979493,-0.285983783667743,0,-0.0833125084660933
-0.284048151812834,0,0.45310060015056,0.897166943411486,0.340069280068819,-0.630845294335972,0,-0.687040230713768,0,-0.685267111737477,-0.0815148996456382,-0.401215657766843,0,-0.249155329612613
-0.292430393817266,0,0.464113246042379,0.897256933476569,0.341659080977552,-0.623386052876453,0,-0.685922572821204,0,-0.646368191499472,-0.0436133861452702,-0.668324991112077,0,-0.707696374671519
-0.294980241634333,0,0.482479218468979,0.89004328203028,0.3336370565362,-0.64091672473456,0,-0.68153308386863,0,-0.770793077056896,-0.0718670728432427,-0.671551580743129,0,-0.698120736059001
-0.278816328212739,0,0.310215733263539,0.881501643257,0.249065305569376,-0.66903124872013,0,-0.668640295498356,0,-0.688861758953151,-0.0944407162042913,-0.671554104651074,0,-0.703146826138335
-0.27743503883199,0,0.198405243184254,0.88619336355199,0.30114106891222,-0.623470213682564,0,-0.670521014464785,0,-0.720434443674628,-0.067535027752194,-0.683465210524263,0,-0.7067355902337
-0.307707829474993,0,0.178682434647699,0.870471975291923,0.280108400716912,-0.591926765814109,0,-0.673139145254394,0,-0.761810042640972,-0.0305499112111996,-0.674052790320812,0,-0.678759260055292
-0.328553780151783,0,0.0720630367943019,0.863895155870865,0.273254508329123,-0.649981327002873,0,-0.673333043841354,0,-0.674935747156176,-0.0260906163485093,-0.663152315643738,0,-0.674274527603757
-0.43889391055461,0,0.093677620451426,0.864096844020159,0.332959728293135,-0.66589632389338,0,-0.658822966631478,0,-0.704049413136399,0.0169908688089568,-0.652515228565689,0,-0.528661538053945
-0.449249852465874,0,0.0513775515480877,0.871137926854659,0.4226611004083,-0.67698941361865,0,-0.641513172521845,0,-0.758808836466836,0.109368011879181,0.249677979147365,0,-0.0872788608573685
-0.449340093918674,0,0.0225249349913635,0.869553242386094,0.409972769282972,-0.016049897493704,0,-0.645689028671357,0.362152463923865,-0.365581795065758,0.118078674537248,0.501878870633335,0,0.21212423576631
-0.475987923045858,0,0.0747898095994897,0.828022158867711,0.512260655581876,0.0681300188598425,0,-0.423259264914948,0.628262443624891,-0.327451561797481,0.161403284440486,0.554947732995637,-0.396765034071727,0.274358775146377
0.148832111472148,0,-0.0344775843282718,0.836315732406885,0.449181365783766,0.144872060522142,0,-0.437923997416302,0.733235398610378,-0.247134864288653,0.228319930766194,0.589814938101851,0,0.343284485295974
0.238063512432334,-0.0177491633164488,0.00190906632645708,0.788244049688913,0.459155101381996,0.193826778654452,0,-0.253445211855772,0.761683503330635,-0.401402572858935,0.268170025049049,0.523608259042869,0,0.244012906886166
0.140855099233923,0,0.0336499142643713,0.720534153274754,0.474753532383307,0.255690869449876,0,-0.372577512859129,0.822945235945628,-0.381388446334648,0.277892246134164,0.549237534849992,0,0.431473544679664
-0.249585085035206,0,0.0287029957289793,0.581614875070774,0.453922767591003,0.100288383737547,0,-0.370179381792722,0.821102531419881,-0.358307001380219,0.304939545897074,0.39992301241739,0,0.408455256795803
-0.542900137296127,0,0.011363592609996,0.527751980750151,0.533087328275284,-0.20786064293738,0,-0.272738127702173,0.842239686163915,-0.373105608680556,0.295275032825133,0.400687147476169,0,0.443011722252538
-0.646554105031467,0,0.0270902608194145,0.540579284191378,0.514676086078487,-0.288212021849069,0,-0.198206712863212,0.822806000807843,-0.269167230129889,0.290200626059013,0.464067446939435,0,0.379284076982508
-0.6446456741874,0,0.03811718991467,0.580117044990145,0.493937020379693,-0.233310929228633,0,-0.217506496833978,0.819193343149182,-0.312738603926794,0.210577604789967,0.367124134949623,0,0.312809330885209
-0.654308532236158,0,0.0172153351021235,0.602403602855142,0.474771556551656,-0.292443864410553,-0.0817046042352856,-0.210087030919842,0.804518344646956,-0.363105981038527,0.246295896522818,0.358122540477621,0,0.351902657006052
-0.651858077809114,0,0.011973641118408,0.626952279304255,0.522789886574246,-0.286764687675519,0,-0.196737731661304,0.800962467356745,-0.346845010275771,0.250182816484058,0.384047924340846,0,0.345850485082437
-0.636557556140907,0,0.00538536752619777,0.679691161267353,0.5892263677872,-0.156441724434192,0,-0.15927225951249,0.779778849928337,-0.407177689940505,0.353133554204279,0.402369281696171,0,0.420223005581473
-0.65098209363087,0,0.0205484817773946,0.71239718126818,0.591120675925385,-0.17540577026509,-0.0782205268994027,-0.121984416312199,0.782158639276351,-0.390980365947134,0.373265334871052,0.424860173229931,0,0.432416892128808
-0.66338422106627,0,0.0129077639642643,0.711287675490393,0.607344618299827,-0.218355814640818,0,-0.0465637353149895,0.779893373498218,-0.351006744942998,0.41658950307045,0.438514732902946,0,0.450446888308452
-0.664479403212467,0,0.0179231562488601,0.715849078798635,0.588681210061146,-0.123714633197051,0,-0.00934681999549892,0.780118339633866,-0.388212037094916,0.384796075067416,0.422568812621267,0,0.435563708649076
-0.647006152806868,0,-0.00569856952669681,0.719085153397524,0.431441485904249,-0.193878705712431,-0.080438251319457,0.00879493275899451,0.776773516609425,-0.397158556420658,0.408051196004836,0.422509375848759,0,0.424403154636459
-0.653622260371794,0,-0.0167245965703559,0.728565206821358,0.0536324955971342,-0.193830648620698,-0.0859915973756825,0.00901773466033471,0.779573904781675,-0.39991500543984,0.412064661175453,0.429240547707166,0,0.426152919539253
-0.636654711008687,0,0.0406131123676549,0.703132187637431,-0.0144912098742271,-0.195625668703014,0,-0.0104432429868063,0.783561160410504,-0.404694433344544,0.378633412758072,0.455256607622026,0,0.40203901830163
-0.676242646112115,0,0.038272607441874,0.582664953998486,0.230964564104544,-0.209279355035655,0,-0.172868412379113,0.783583912253194,-0.38656903842181,0.368500282712376,0.399096219393545,0,0.353329237196065
-0.639196907985363,0,0.0108839821326047,0.585648341202736,0.141422098644855,-0.360734999320345,0,-0.189180922962972,0.768016411465166,-0.409289478387668,0.335410117018547,0.378605541708279,0,0.154490343708222
-0.664542126652213,0,0.0107745473623143,0.565977805174403,0.0116317923882434,-0.453986140833167,0,-0.223479965228733,0.758341070254571,-0.37644092320816,0.303127587801028,0.354683561848554,0,-0.114586944995179
-0.643229540147781,0,0.0111353113121601,0.672503087887639,-0.0316340199436219,-0.417059798161591,0,-0.243492867060748,0.74184666157602,-0.373503217301876,0.245922089463107,0.359974135933873,0,0.0185762882995624
-0.670540253237892,0,-0.0144385572875019,0.66707907474547,0.109389109771911,-0.447065182757317,0,-0.339488410451109,0.660274109841863,-0.368073451961414,0.227784061325929,0.345491183496869,0,0.127397935630039
-0.697224206397649,0,-0.000389131756803879,0.644531312477103,0.100844047145925,-0.172743331010066,0,-0.305651755498676,0.593261516867534,-0.318408451929503,0.451081458111064,0.39733597306865,0,0.0603310625537583
-0.45567648296181,0,-0.0197454502829841,0.70356467041495,0.127671144958313,-0.136028111787816,0,-0.36622347907923,0.556694107534847,-0.2196223774992,0.475477391352273,0.367638229910238,0,0.0661960686530183
-0.334175725750968,0,0.0400292974395434,0.715496998377956,0.072356841962342,-0.106474457649594,0,-0.352468432885129,0.579645429130806,-0.0388820112704029,0.476115087168333,0.327085876647982,0,-0.0490028702893993
-0.31566890821229,0,0.00119818262805166,0.702348750278398,0.091326405065193,-0.201457344094364,0,-0.274020054045823,0.57523745155575,-0.029878689664178,0.361701723977087,0.353181624899947,0,-0.170041828202549
-0.164989915820622,0,0.0346592904130749,0.719928491104449,0.0031670792647225,-0.175807779264891,0,-0.260757298738542,0.536782774208829,-0.0172404348757745,0.291607420517192,0.248140167494878,0,-0.182597358384467
-0.286539339186098,0,0.0235659935864786,0.6929868378522,-0.0436721976812984,-0.147495873686587,0,-0.246706154629358,0.443915660730566,-0.00881401338970636,0.20487210950002,0.174131975609342,0,-0.230433789405513
-0.237405939490639,0,-0.0477965703955744,0.729676949660619,-0.0582837448486668,-0.392710979841052,0,-0.154845712600177,0.311373003550406,-0.0324017535238389,0.199708279916382,0.205728611439061,0,-0.261159593198931
-0.281944879209792,0,0.056552824082782,0.678592367404016,-0.0828919554500664,-0.466308506605405,0,-0.224973101268324,0.152616214490356,-0.0976330187688862,0.197441134646003,0.162427189718496,0,-0.230901669757407
-0.593017166069554,0,-0.0123200755669265,0.726408949937274,-0.119627872576449,-0.459073296203559,0,-0.101208889390843,-0.0341989162422747,-0.309341591704916,0.210118172673451,0.187069494674524,0,-0.2722573344119
-0.735454269669005,0,0.0956424227842866,0.748199939905513,-0.0985895431366158,-0.493625793888151,0,-0.0919452630401997,0.0554694281304307,-0.315952485278718,0.16646565838571,0.200777354082003,0,-0.224616515463192
-0.689247119491321,0,-0.0549379950662393,0.725236714824631,-0.0635771570939241,-0.450513391682351,0,-0.1782742104022,0.105144845288265,-0.303085146072315,0.233464542175913,0.264267821777581,0,-0.206732066273212
-0.723501534855542,0,-0.204756186029879,0.744983654322176,-0.0302438107519887,-0.491262987096336,0,-0.239835419207049,0.222443570365285,-0.371986053824039,0.215485116357121,0.274746512895118,0,-0.155667469024866
-0.741098925642503,0,-0.0942320060042239,0.74388390790998,-0.0448433281633947,-0.426785163969486,0,-0.274757728693774,0.254534354926521,-0.451765506853337,0.23094454864945,0.0515308182506376,0,-0.132076451555262
-0.699655547676045,0,-0.103249297236064,0.761402499021899,-0.0350570895743044,-0.378542505186859,0,-0.261720754611857,0.301887146408484,-0.447964078381327,0.227216529388271,0.286706617975239,0,-0.0513226926180233
-0.6939053551019,0,-0.0683305615717824,0.77590694730389,-0.00841943312532894,-0.37126413702376,0,-0.246301782061404,0.295852097707659,-0.44009654100009,0.265158195752039,-0.0991822148654232,0,0.0641360876014988
-0.691297198386331,0,-0.0500089573187472,0.770747177464049,0.00155453780424862,-0.287758315167637,0,-0.26801049767904,0.313353053143479,-0.460980486627934,0.361319445326402,0.131561249506164,0,0.250913277789272
-0.70957938193444,0,-0.172420754934913,0.761352685132154,-0.00751699346889496,-0.376783935351894,0,-0.287233788899314,0.347859704589906,-0.431267924672519,0.387397545221627,0.140932198223577,0,0.385300069747017
